Name	Chr	Pos	Ref	Alt	Trait	Cohort	Model	Effect	LCI_Effect	UCI_Effect	Pval	AAF	Num_Cases	Cases_Ref	Cases_Het	Cases_Alt	Num_Controls	Controls_Ref	Controls_Het	Controls_Alt	SE	INFO	MAC	SCORE
1:145818225:G:A	1	145818225	G	A	CD160_log	ukb21007_c1_b0_v1	ADD-WGR-LR	0.0502269	0.0360849	0.0643689	3.37755e-12	0.340476	3171	1287	1882	2	NA	NA	NA	NA	0.007215	0.156444	2159.298039	103.340683
1:145820637:G:A	1	145820637	G	A	CD160_log	ukb21007_c1_b0_v1	ADD-WGR-LR	-0.0362362	-0.0481108	-0.0243616	2.21796e-9	0.28802	3171	1844	1327	0	NA	NA	NA	NA	0.006059	0.239538	1826.623529	-105.74529
1:145825142:A:G	1	145825142	A	G	CD160_log	ukb21007_c1_b0_v1	ADD-WGR-LR	-0.0365896	-0.0483429	-0.0248362	1.0501e-9	0.291649	3171	1844	1327	0	NA	NA	NA	NA	0.005997	0.242229	1849.639216	-108.990676
1:145825494:A:T	1	145825494	A	T	CD160_log	ukb21007_c1_b0_v1	ADD-WGR-LR	0.0480372	0.0343403	0.061734	6.2458e-12	0.469199	3171	36	3098	37	NA	NA	NA	NA	0.006988	0.148586	2975.662745	105.363786
1:145828006:AG:A	1	145828006	AG	A	CD160_log	ukb21007_c1_b0_v1	ADD-WGR-LR	-0.0365887	-0.0483427	-0.0248348	1.05317e-9	0.291637	3171	1844	1327	0	NA	NA	NA	NA	0.005997	0.242218	1849.564706	-108.976516
1:145829794:G:A	1	145829794	G	A	CD160_log	ukb21007_c1_b0_v1	ADD-WGR-LR	-0.0200265	-0.0261705	-0.0138825	1.67452e-10	0.562633	3171	434	1451	1286	NA	NA	NA	NA	0.003135	0.747901	2773.784314	-218.303192
1:145830322:C:A	1	145830322	C	A	CD160_log	ukb21007_c1_b0_v1	ADD-WGR-LR	-0.0200265	-0.0261705	-0.0138825	1.67452e-10	0.562633	3171	434	1451	1286	NA	NA	NA	NA	0.003135	0.747901	2773.784314	-218.303192
1:145832321:C:G	1	145832321	C	G	CD160_log	ukb21007_c1_b0_v1	ADD-WGR-LR	-0.0200353	-0.0255937	-0.014477	1.60871e-12	0.631515	3171	434	1451	1286	NA	NA	NA	NA	0.002836	0.968825	2336.929412	-266.845074
1:145834166:G:A	1	145834166	G	A	CD160_log	ukb21007_c1_b0_v1	ADD-WGR-LR	0.0340973	0.0245377	0.043657	2.73302e-12	0.208784	3171	1287	1883	1	NA	NA	NA	NA	0.004877	0.462009	1324.105882	153.530062
1:145836072:C:A	1	145836072	C	A	CD160_log	ukb21007_c1_b0_v1	ADD-WGR-LR	-0.0200265	-0.0261705	-0.0138825	1.67452e-10	0.562633	3171	434	1451	1286	NA	NA	NA	NA	0.003135	0.747901	2773.784314	-218.303192
1:145836109:AAAATT:A	1	145836109	AAAATT	A	CD160_log	ukb21007_c1_b0_v1	ADD-WGR-LR	-0.0200315	-0.0261787	-0.0138844	1.69312e-10	0.562289	3171	434	1451	1286	NA	NA	NA	NA	0.003136	0.747111	2775.960784	-218.133189
1:145837693:G:T	1	145837693	G	T	CD160_log	ukb21007_c1_b0_v1	ADD-WGR-LR	-0.0200265	-0.0261705	-0.0138825	1.67452e-10	0.562633	3171	434	1451	1286	NA	NA	NA	NA	0.003135	0.747901	2773.784314	-218.303192
1:145839290:C:T	1	145839290	C	T	CD160_log	ukb21007_c1_b0_v1	ADD-WGR-LR	-0.0200273	-0.0261713	-0.0138833	1.67188e-10	0.562634	3171	434	1451	1286	NA	NA	NA	NA	0.003135	0.747904	2773.776471	-218.310957
1:145839687:T:C	1	145839687	T	C	CD160_log	ukb21007_c1_b0_v1	ADD-WGR-LR	-0.0200273	-0.0261713	-0.0138833	1.67188e-10	0.562634	3171	434	1451	1286	NA	NA	NA	NA	0.003135	0.747904	2773.776471	-218.310957
1:145840311:A:G	1	145840311	A	G	CD160_log	ukb21007_c1_b0_v1	ADD-WGR-LR	-0.0200273	-0.0261713	-0.0138833	1.67188e-10	0.562634	3171	434	1451	1286	NA	NA	NA	NA	0.003135	0.747904	2773.776471	-218.310957
1:145857483:C:G	1	145857483	C	G	CD160_log	ukb21007_c1_b0_v1	ADD-WGR-LR	0.021998	0.0164499	0.0275461	7.77249e-15	0.562529	3171	658	1480	1033	NA	NA	NA	NA	0.002831	0.985775	2774.443137	294.073194
1:145860793:A:AT	1	145860793	A	AT	CD160_log	ukb21007_c1_b0_v1	ADD-WGR-LR	0.0234338	0.0174772	0.0293904	1.2513e-14	0.520977	3171	658	1480	1033	NA	NA	NA	NA	0.003039	0.843725	3037.964706	271.771256
1:145861641:A:G	1	145861641	A	G	CD160_log	ukb21007_c1_b0_v1	ADD-WGR-LR	0.0234338	0.0174772	0.0293904	1.2513e-14	0.520977	3171	658	1480	1033	NA	NA	NA	NA	0.003039	0.843725	3037.964706	271.771256
1:145864367:G:A	1	145864367	G	A	CD160_log	ukb21007_c1_b0_v1	ADD-WGR-LR	0.0234384	0.0174812	0.0293957	1.24463e-14	0.521003	3171	658	1480	1033	NA	NA	NA	NA	0.003039	0.843633	3037.8	271.765584
1:145864461:C:T	1	145864461	C	T	CD160_log	ukb21007_c1_b0_v1	ADD-WGR-LR	0.0234374	0.0174802	0.0293947	1.24808e-14	0.520999	3171	658	1480	1033	NA	NA	NA	NA	0.003039	0.843629	3037.823529	271.752325
1:145864767:C:T	1	145864767	C	T	CD160_log	ukb21007_c1_b0_v1	ADD-WGR-LR	-0.0349574	-0.0435655	-0.0263493	1.72878e-15	0.27788	3171	1237	1933	1	NA	NA	NA	NA	0.004392	0.504391	1762.313725	-194.124494
1:145864916:T:A	1	145864916	T	A	CD160_log	ukb21007_c1_b0_v1	ADD-WGR-LR	0.0236167	0.0175511	0.0296822	2.32454e-14	0.527942	3171	665	1481	1025	NA	NA	NA	NA	0.003095	0.819697	2993.792157	264.139601
1:145865121:C:G	1	145865121	C	G	CD160_log	ukb21007_c1_b0_v1	ADD-WGR-LR	0.0236167	0.0175511	0.0296822	2.32454e-14	0.527942	3171	665	1481	1025	NA	NA	NA	NA	0.003095	0.819697	2993.792157	264.139601
1:145865163:T:C	1	145865163	T	C	CD160_log	ukb21007_c1_b0_v1	ADD-WGR-LR	0.0236167	0.0175511	0.0296822	2.32454e-14	0.527942	3171	665	1481	1025	NA	NA	NA	NA	0.003095	0.819697	2993.792157	264.139601
1:145865363:T:C	1	145865363	T	C	CD160_log	ukb21007_c1_b0_v1	ADD-WGR-LR	0.0236167	0.0175511	0.0296822	2.32454e-14	0.527942	3171	665	1481	1025	NA	NA	NA	NA	0.003095	0.819697	2993.792157	264.139601
1:145865691:G:A	1	145865691	G	A	CD160_log	ukb21007_c1_b0_v1	ADD-WGR-LR	0.0236167	0.0175511	0.0296822	2.32454e-14	0.527942	3171	665	1481	1025	NA	NA	NA	NA	0.003095	0.819697	2993.792157	264.139601
1:145865699:A:G	1	145865699	A	G	CD160_log	ukb21007_c1_b0_v1	ADD-WGR-LR	0.0236167	0.0175511	0.0296822	2.32454e-14	0.527942	3171	665	1481	1025	NA	NA	NA	NA	0.003095	0.819697	2993.792157	264.139601
1:145866060:T:G	1	145866060	T	G	CD160_log	ukb21007_c1_b0_v1	ADD-WGR-LR	0.023617	0.0175514	0.0296827	2.32422e-14	0.527947	3171	665	1481	1025	NA	NA	NA	NA	0.003095	0.819688	2993.760784	264.136734
1:145866110:C:T	1	145866110	C	T	CD160_log	ukb21007_c1_b0_v1	ADD-WGR-LR	0.023617	0.0175514	0.0296827	2.32422e-14	0.527947	3171	665	1481	1025	NA	NA	NA	NA	0.003095	0.819688	2993.760784	264.136734
1:145866450:A:G	1	145866450	A	G	CD160_log	ukb21007_c1_b0_v1	ADD-WGR-LR	0.023617	0.0175514	0.0296827	2.32422e-14	0.527947	3171	665	1481	1025	NA	NA	NA	NA	0.003095	0.819688	2993.760784	264.136734
1:145867640:A:G	1	145867640	A	G	CD160_log	ukb21007_c1_b0_v1	ADD-WGR-LR	0.023617	0.0175514	0.0296827	2.32422e-14	0.527947	3171	665	1481	1025	NA	NA	NA	NA	0.003095	0.819688	2993.760784	264.136734
1:145868551:G:A	1	145868551	G	A	CD160_log	ukb21007_c1_b0_v1	ADD-WGR-LR	0.0236167	0.0175511	0.0296822	2.32454e-14	0.527942	3171	665	1481	1025	NA	NA	NA	NA	0.003095	0.819697	2993.792157	264.139601
1:145868731:G:T	1	145868731	G	T	CD160_log	ukb21007_c1_b0_v1	ADD-WGR-LR	0.0236167	0.0175511	0.0296822	2.32454e-14	0.527942	3171	665	1481	1025	NA	NA	NA	NA	0.003095	0.819697	2993.792157	264.139601
1:145869064:A:T	1	145869064	A	T	CD160_log	ukb21007_c1_b0_v1	ADD-WGR-LR	0.0236167	0.0175511	0.0296822	2.32454e-14	0.527942	3171	665	1481	1025	NA	NA	NA	NA	0.003095	0.819697	2993.792157	264.139601
1:145869082:C:A	1	145869082	C	A	CD160_log	ukb21007_c1_b0_v1	ADD-WGR-LR	0.0236167	0.0175511	0.0296822	2.32454e-14	0.527942	3171	665	1481	1025	NA	NA	NA	NA	0.003095	0.819697	2993.792157	264.139601
1:145869179:GTT:G	1	145869179	GTT	G	CD160_log	ukb21007_c1_b0_v1	ADD-WGR-LR	0.0236165	0.0175509	0.0296821	2.3262e-14	0.527941	3171	665	1481	1025	NA	NA	NA	NA	0.003095	0.819695	2993.8	264.13529
1:145869268:T:C	1	145869268	T	C	CD160_log	ukb21007_c1_b0_v1	ADD-WGR-LR	0.0236167	0.0175511	0.0296822	2.32454e-14	0.527942	3171	665	1481	1025	NA	NA	NA	NA	0.003095	0.819697	2993.792157	264.139601
1:145869509:C:CT	1	145869509	C	CT	CD160_log	ukb21007_c1_b0_v1	ADD-WGR-LR	0.0236167	0.0175511	0.0296822	2.32454e-14	0.527942	3171	665	1481	1025	NA	NA	NA	NA	0.003095	0.819697	2993.792157	264.139601
1:145869624:T:C	1	145869624	T	C	CD160_log	ukb21007_c1_b0_v1	ADD-WGR-LR	0.0236167	0.0175511	0.0296822	2.32454e-14	0.527942	3171	665	1481	1025	NA	NA	NA	NA	0.003095	0.819697	2993.792157	264.139601
1:145870252:C:T	1	145870252	C	T	CD160_log	ukb21007_c1_b0_v1	ADD-WGR-LR	0.0236167	0.0175511	0.0296822	2.32454e-14	0.527942	3171	665	1481	1025	NA	NA	NA	NA	0.003095	0.819697	2993.792157	264.139601
1:145870370:T:G	1	145870370	T	G	CD160_log	ukb21007_c1_b0_v1	ADD-WGR-LR	0.0236167	0.0175511	0.0296822	2.32454e-14	0.527942	3171	665	1481	1025	NA	NA	NA	NA	0.003095	0.819697	2993.792157	264.139601
1:145870565:C:T	1	145870565	C	T	CD160_log	ukb21007_c1_b0_v1	ADD-WGR-LR	0.023616	0.0175504	0.0296816	2.32928e-14	0.527944	3171	665	1481	1025	NA	NA	NA	NA	0.003095	0.819691	2993.780392	264.128623
1:145870854:G:T	1	145870854	G	T	CD160_log	ukb21007_c1_b0_v1	ADD-WGR-LR	0.0236167	0.0175511	0.0296822	2.32454e-14	0.527942	3171	665	1481	1025	NA	NA	NA	NA	0.003095	0.819697	2993.792157	264.139601
1:145871081:T:A	1	145871081	T	A	CD160_log	ukb21007_c1_b0_v1	ADD-WGR-LR	0.0236167	0.0175511	0.0296822	2.32454e-14	0.527942	3171	665	1481	1025	NA	NA	NA	NA	0.003095	0.819697	2993.792157	264.139601
1:145871237:C:T	1	145871237	C	T	CD160_log	ukb21007_c1_b0_v1	ADD-WGR-LR	0.0236167	0.0175511	0.0296822	2.32454e-14	0.527942	3171	665	1481	1025	NA	NA	NA	NA	0.003095	0.819697	2993.792157	264.139601
1:145871565:A:G	1	145871565	A	G	CD160_log	ukb21007_c1_b0_v1	ADD-WGR-LR	0.0236167	0.0175511	0.0296822	2.32454e-14	0.527942	3171	665	1481	1025	NA	NA	NA	NA	0.003095	0.819697	2993.792157	264.139601
1:145872200:A:G	1	145872200	A	G	CD160_log	ukb21007_c1_b0_v1	ADD-WGR-LR	0.0236158	0.0175498	0.0296817	2.33897e-14	0.527971	3171	665	1481	1025	NA	NA	NA	NA	0.003095	0.819617	2993.607843	264.09443
1:145872549:G:C	1	145872549	G	C	CD160_log	ukb21007_c1_b0_v1	ADD-WGR-LR	-0.085217	-0.109552	-0.0608821	6.71921e-12	0.0984059	3171	3024	147	0	NA	NA	NA	NA	0.012416	0.144605	624.090196	-59.213989
1:145872788:G:C	1	145872788	G	C	CD160_log	ukb21007_c1_b0_v1	ADD-WGR-LR	0.0222113	0.0165294	0.0278932	1.83414e-14	0.572463	3171	649	1494	1028	NA	NA	NA	NA	0.002899	0.953863	2711.439216	283.100301
1:145873487:G:A	1	145873487	G	A	CD160_log	ukb21007_c1_b0_v1	ADD-WGR-LR	0.0237196	0.0175817	0.0298575	3.61337e-14	0.521495	3171	665	1483	1023	NA	NA	NA	NA	0.003132	0.800576	3034.678431	259.075071
1:145874073:C:A	1	145874073	C	A	CD160_log	ukb21007_c1_b0_v1	ADD-WGR-LR	0.0231202	0.0169678	0.0292725	1.76527e-13	0.509955	3171	710	1506	955	NA	NA	NA	NA	0.003139	0.795385	3107.862745	251.34412
1:145874605:C:T	1	145874605	C	T	CD160_log	ukb21007_c1_b0_v1	ADD-WGR-LR	0.0237165	0.0175779	0.029855	3.66385e-14	0.521363	3171	665	1483	1023	NA	NA	NA	NA	0.003132	0.800452	3035.517647	258.985812
1:145875425:A:G	1	145875425	A	G	CD160_log	ukb21007_c1_b0_v1	ADD-WGR-LR	-0.030375	-0.038004	-0.0227459	6.02013e-15	0.316325	3171	1095	1908	168	NA	NA	NA	NA	0.003892	0.599094	2006.133333	-214.745882
1:145875642:A:G	1	145875642	A	G	CD160_log	ukb21007_c1_b0_v1	ADD-WGR-LR	-0.030375	-0.038004	-0.0227459	6.02013e-15	0.316325	3171	1095	1908	168	NA	NA	NA	NA	0.003892	0.599094	2006.133333	-214.745882
1:145875709:T:C	1	145875709	T	C	CD160_log	ukb21007_c1_b0_v1	ADD-WGR-LR	-0.0303879	-0.0380176	-0.0227582	5.8942e-15	0.316299	3171	1095	1911	165	NA	NA	NA	NA	0.003893	0.599013	2005.968627	-214.801144
1:145875906:G:A	1	145875906	G	A	CD160_log	ukb21007_c1_b0_v1	ADD-WGR-LR	-0.030375	-0.038004	-0.0227459	6.02013e-15	0.316325	3171	1095	1908	168	NA	NA	NA	NA	0.003892	0.599094	2006.133333	-214.745882
1:145876257:T:G	1	145876257	T	G	CD160_log	ukb21007_c1_b0_v1	ADD-WGR-LR	-0.0304149	-0.038047	-0.0227828	5.68674e-15	0.316207	3171	1095	1924	152	NA	NA	NA	NA	0.003894	0.598739	2005.384314	-214.858771
1:145878094:G:A	1	145878094	G	A	CD160_log	ukb21007_c1_b0_v1	ADD-WGR-LR	-0.035196	-0.0438849	-0.0265072	2.03443e-15	0.275923	3171	1219	1951	1	NA	NA	NA	NA	0.004433	0.49797	1749.905882	-191.832172
1:145879427:A:G	1	145879427	A	G	CD160_log	ukb21007_c1_b0_v1	ADD-WGR-LR	0.0281357	0.0209318	0.0353395	1.93429e-14	0.592205	3171	540	1604	1027	NA	NA	NA	NA	0.003675	0.598171	2586.235294	223.091658
1:145879989:A:T	1	145879989	A	T	CD160_log	ukb21007_c1_b0_v1	ADD-WGR-LR	-0.0347344	-0.0433273	-0.0261416	2.32472e-15	0.28259	3171	1210	1960	1	NA	NA	NA	NA	0.004384	0.503133	1792.184314	-193.571563
1:145880626:A:G	1	145880626	A	G	CD160_log	ukb21007_c1_b0_v1	ADD-WGR-LR	0.0278276	0.0206518	0.0350034	2.94528e-14	0.587237	3171	545	1660	966	NA	NA	NA	NA	0.003661	0.600058	2617.741176	222.377461
1:145881773:T:C	1	145881773	T	C	CD160_log	ukb21007_c1_b0_v1	ADD-WGR-LR	0.0280751	0.0209041	0.035246	1.67379e-14	0.590955	3171	548	1596	1027	NA	NA	NA	NA	0.003659	0.60266	2594.160784	224.659082
1:145883561:T:C	1	145883561	T	C	CD160_log	ukb21007_c1_b0_v1	ADD-WGR-LR	0.0278048	0.0206323	0.0349774	3.00999e-14	0.587027	3171	549	1656	966	NA	NA	NA	NA	0.00366	0.600582	2619.07451	222.394684
1:145884154:T:C	1	145884154	T	C	CD160_log	ukb21007_c1_b0_v1	ADD-WGR-LR	0.0278048	0.0206323	0.0349774	3.00999e-14	0.587027	3171	549	1656	966	NA	NA	NA	NA	0.00366	0.600582	2619.07451	222.394684
1:145885747:G:C	1	145885747	G	C	CD160_log	ukb21007_c1_b0_v1	ADD-WGR-LR	0.0281318	0.0208871	0.0353765	2.72591e-14	0.613881	3171	539	1664	968	NA	NA	NA	NA	0.003696	0.605712	2448.768627	220.552253
1:145887112:T:C	1	145887112	T	C	CD160_log	ukb21007_c1_b0_v1	ADD-WGR-LR	0.028271	0.0210922	0.0354498	1.17666e-14	0.591513	3171	549	1595	1027	NA	NA	NA	NA	0.003663	0.601272	2590.627451	225.729631
1:145888542:C:T	1	145888542	C	T	CD160_log	ukb21007_c1_b0_v1	ADD-WGR-LR	-0.0359298	-0.04482	-0.0270396	2.35185e-15	0.269454	3171	1238	1932	1	NA	NA	NA	NA	0.004536	0.482306	1708.878431	-187.063129
1:145890775:T:C	1	145890775	T	C	CD160_log	ukb21007_c1_b0_v1	ADD-WGR-LR	-0.0346911	-0.0432648	-0.0261174	2.18348e-15	0.28335	3171	1210	1960	1	NA	NA	NA	NA	0.004374	0.504788	1797.007843	-194.194596
1:145901525:C:G	1	145901525	C	G	CD160_log	ukb21007_c1_b0_v1	ADD-WGR-LR	0.0690099	0.051332	0.0866878	1.99112e-14	0.319536	3171	653	2518	0	NA	NA	NA	NA	0.009019	0.109661	2026.498039	90.867081
1:145919802:C:G	1	145919802	C	G	CD160_log	ukb21007_c1_b0_v1	ADD-WGR-LR	-0.0476533	-0.0632046	-0.0321021	1.90321e-9	0.721279	3171	3	1506	1662	NA	NA	NA	NA	0.007934	0.151398	1767.65098	-81.08037
1:145928206:C:T	1	145928206	C	T	CD160_log	ukb21007_c1_b0_v1	ADD-WGR-LR	-0.0580721	-0.0742923	-0.0418518	2.26549e-12	0.561604	3171	109	3047	15	NA	NA	NA	NA	0.008276	0.11487	2780.305882	-90.824866
